geo,what,time,capital,contributii,munca,consum,proprietate
Belgia,PIB,2009,8.452403,14.358472,23.992655,10.602766,2.921874
Bulgaria,PIB,2009,3.891144,7.205681,9.062166,13.780262,0.502825
Cehia,PIB,2009,5.489447,14.115779,16.513987,10.480844,0.41509
Danemarca,PIB,2009,5.237761,0.059063,24.915963,14.809577,2.545202
Estonia,PIB,2009,2.717801,12.873711,18.153419,14.080838,0.34553
Irlanda,PIB,2009,5.937137,5.203289,12.42656,9.809731,1.446529
Grecia,PIB,2009,7.139842,10.166957,13.176391,10.43555,2.30451
Spania,PIB,2009,7.033226,12.019661,16.387667,6.318203,2.031379
Franta,PIB,2009,9.34237,16.224666,22.260943,10.562909,3.115953
Croatia,PIB,2009,4.420848,11.991787,15.407662,16.255652,1.111959
Italia,PIB,2009,10.044173,13.162734,21.427384,10.06013,2.100864
Cipru,PIB,2009,8.329308,7.840218,11.102032,12.358973,1.112152
Letonia,PIB,2009,2.734001,9.168693,14.335963,10.314953,0.81407
Lituania,PIB,2009,4.000357,12.465331,15.220716,11.009602,0.667788
Luxemburg,PIB,2009,9.773468,10.858448,16.366439,10.226503,1.090964
Ungaria,PIB,2009,7.661179,12.768906,18.61916,12.538813,0.785674
Malta,PIB,2009,8.7982030000000009,5.620167,10.480584,12.541727,1.011217
Olanda,PIB,2009,4.606627,12.623511,19.470179,11.057195,1.322574
Austria,PIB,2009,6.367472,14.106317,23.105181,11.662826,0.634684
Polonia,PIB,2009,7.846068,11.080852,11.913559,11.608609,1.3905
Portugalia,PIB,2009,6.440808,8.561514,12.727375,10.628018,1.826731
Romania,PIB,2009,4.395263,8.961545,11.129519,9.700479,0.750639
Slovenia,PIB,2009,4.574465,15.523695,19.438331,13.320639,0.576753
Slovacia,PIB,2009,3.72599,12.398686,15.026157,10.053982,0.416363
Finlanda,PIB,2009,5.719638,12.135001,22.159776,12.893198,1.04706
Suedia,PIB,2009,5.491459,2.751961,25.492954,12.714689,1.013957
Belgia,PIB,2010,8.79284,14.004182,23.743336,10.855728,3.086963
Bulgaria,PIB,2010,3.614647,6.637343,8.428499,13.358437,0.488783
Cehia,PIB,2010,5.089122,14.43901,17.049342,10.716378,0.514993
Danemarca,PIB,2010,7.673473,0.100138,22.73241,14.610271,2.548768
Estonia,PIB,2010,2.271877,12.749388,17.719983,13.204713,0.379755
Irlanda,PIB,2010,5.739078,5.052769,12.221239,9.865065,1.379395
Grecia,PIB,2010,6.562313,11.042102,13.747872,11.999607,1.952491
Spania,PIB,2010,6.584896,11.861092,16.633236,8.131655,2.067476
Franta,PIB,2010,9.421326,16.055619,22.215513,10.656081,3.968147
Croatia,PIB,2010,3.716254,11.779668,15.081277,16.786626,1.028614
Italia,PIB,2010,9.202427,12.977017,21.461901,10.577557,1.791434
Cipru,PIB,2010,8.175334,7.976425,11.279887,12.208457,1.241451
Letonia,PIB,2010,2.750302,8.589826,14.335741,11.165695,1.00556
Lituania,PIB,2010,2.935243,11.6331,14.112063,11.248425,0.695176
Luxemburg,PIB,2010,9.987523,10.345803,15.837884,9.924096,1.024362
Ungaria,PIB,2010,7.073855,11.717763,17.294249,12.441383,1.11117
Malta,PIB,2010,9.07614,5.441768,9.897321,11.947571,0.963613
Olanda,PIB,2010,5.027317,12.938624,19.454095,11.043091,1.305721
Austria,PIB,2010,6.356871,13.999079,23.137578,11.605822,0.660727
Polonia,PIB,2010,7.189856,10.877695,11.945817,12.463885,1.415606
Portugalia,PIB,2010,6.368158,8.595307,12.565802,11.412845,1.738211
Romania,PIB,2010,3.998102,8.470138,10.755615,11.063719,0.81825
Slovenia,PIB,2010,4.720289,15.801935,19.61584,13.690966,0.60854
Slovacia,PIB,2010,3.601532,11.90302,14.356125,9.82736,0.402812
Finlanda,PIB,2010,6.520193,12.037652,21.145997,12.896042,1.109263
Suedia,PIB,2010,6.064788,2.639479,24.169819,12.642782,1.041728
Belgia,PIB,2011,9.236827,14.168368,24.163772,10.794275,3.308102
Bulgaria,PIB,2011,3.591826,6.677371,8.411275,13.475094,0.52319
Cehia,PIB,2011,5.122332,14.551622,17.328251,11.525305,0.493659
Danemarca,PIB,2011,7.599239,0.110457,22.795007,14.651475,2.584075
Estonia,PIB,2011,2.137035,11.601398,16.363982,12.992811,0.382136
Irlanda,PIB,2011,5.784076,5.144575,12.665747,9.475566,1.595175
Grecia,PIB,2011,7.628858,10.888887,13.811497,12.817486,2.795264
Spania,PIB,2011,6.48173,11.833933,16.786705,7.963334,1.958801
Franta,PIB,2011,10.048188,16.179218,22.490912,10.894074,4.296266
Croatia,PIB,2011,4.052702,11.682572,14.438246,16.319771,1.06374
Italia,PIB,2011,9.275663,12.836164,21.118407,10.744344,2.040448
Cipru,PIB,2011,8.635851,7.885951,11.336351,11.679869,1.045417
Letonia,PIB,2011,3.357191,8.921997,14.191496,11.585434,1.135605
Lituania,PIB,2011,2.638783,11.040259,13.481593,11.051629,0.617852
Luxemburg,PIB,2011,9.59289,10.519927,16.358338,10.273205,1.136572
Ungaria,PIB,2011,6.910328,12.829607,17.054884,12.403531,1.100612
Malta,PIB,2011,8.156731,5.780839,10.81302,12.785532,0.98216
Olanda,PIB,2011,4.56123,13.586035,19.970913,10.932577,1.146905
Austria,PIB,2011,6.529732,13.977681,23.137224,11.562616,0.804912
Polonia,PIB,2011,7.352085,11.213142,12.172697,12.542152,1.407919
Portugalia,PIB,2011,7.00493,8.896558,13.265968,11.947922,1.841779
Romania,PIB,2011,4.411159,8.650259,10.616981,11.935921,0.778317
Slovenia,PIB,2011,4.47022,15.601237,19.448186,13.633933,0.591375
Slovacia,PIB,2011,3.552208,11.943309,14.55615,10.694821,0.398459
Finlanda,PIB,2011,6.623428,12.008202,21.401602,13.768826,1.079809
Suedia,PIB,2011,5.648307,2.72829,24.053469,12.259862,1.011936
Belgia,PIB,2012,10.052094,14.347004,24.243317,10.851229,3.512814
Bulgaria,PIB,2012,3.811548,6.771218,8.53148,13.734866,0.79109
Cehia,PIB,2012,5.079089,14.650573,17.485,11.933391,0.52657
Danemarca,PIB,2012,8.166927,0.096238,22.892196,14.697002,2.468921
Estonia,PIB,2012,2.326628,11.163886,16.099477,13.273482,0.414418
Irlanda,PIB,2012,5.988254,4.766211,12.755647,9.472471,1.731367
Grecia,PIB,2012,7.526142,11.111548,15.887627,12.931268,3.279531
Spania,PIB,2012,7.361821,11.6866,16.827494,8.221576,2.384532
Franta,PIB,2012,10.4394,16.394741,23.095133,10.994791,4.334634
Croatia,PIB,2012,3.778789,11.445681,14.382463,17.30356,1.051934
Italia,PIB,2012,10.475247,12.983278,21.577095,11.06332,2.544697
Cipru,PIB,2012,8.218667,7.747469,11.460334,11.952563,0.972537
Letonia,PIB,2012,3.579467,8.67881,13.943799,11.552585,1.16744
Lituania,PIB,2012,3.118552,10.762581,13.189934,10.614446,0.595426
Luxemburg,PIB,2012,9.456442,10.591022,16.565786,10.482127,1.191412
Ungaria,PIB,2012,7.060469,13.584964,18.361279,13.537251,1.195774
Malta,PIB,2012,8.437252,5.626994,10.808753,12.294283,0.945095
Olanda,PIB,2012,4.448233,14.501214,20.380931,10.74497,1.092094
Austria,PIB,2012,6.561503,14.096023,23.649282,11.659467,0.870073
Polonia,PIB,2012,7.892722,12.07384,12.730888,11.754723,1.475006
Portugalia,PIB,2012,6.968793,8.684125,12.673676,12.014529,1.780028
Romania,PIB,2012,3.91579,8.359113,10.599698,12.056263,0.826985
Slovenia,PIB,2012,4.370156,15.822835,19.55259,13.973862,0.645063
Slovacia,PIB,2012,3.755816,12.203239,14.922943,9.903019,0.428998
Finlanda,PIB,2012,6.139416,12.565349,22.230983,14.044181,1.174411
Suedia,PIB,2012,5.162977,2.779342,24.813812,12.14928,1.091746
Belgia,PIB,2013,10.567684,14.422266,24.405998,10.890246,3.632916
Bulgaria,PIB,2013,4.238103,7.436588,9.302138,14.595872,0.863663
Cehia,PIB,2013,5.160073,14.612493,17.549152,12.188346,0.568334
Danemarca,PIB,2013,7.459912,0.083867,24.423748,14.382,2.604907
Estonia,PIB,2013,2.610952,10.985786,16.184815,12.870053,0.392051
Irlanda,PIB,2013,6.161218,4.943062,12.819223,9.793321,1.780907
Grecia,PIB,2013,7.96184,10.759132,14.694933,13.232943,3.584524
Spania,PIB,2013,7.461904,11.450733,16.639844,9.045173,2.552326
Franta,PIB,2013,10.520168,16.678955,23.903991,11.076456,4.337969
Croatia,PIB,2013,4.029528,11.226205,14.333782,17.724376,1.113127
Italia,PIB,2013,10.747941,13.048013,21.610613,10.841225,2.607408
Cipru,PIB,2013,9.142043,7.551427,10.771151,11.823528,1.322594
Letonia,PIB,2013,3.584997,8.497541,13.808849,11.975566,1.117293
Lituania,PIB,2013,3.019613,10.769845,13.319788,10.570478,0.439468
Luxemburg,PIB,2013,8.995471,10.424793,16.93158,10.354583,1.176926
Ungaria,PIB,2013,6.367045,13.306181,17.967926,14.180542,1.265005
Malta,PIB,2013,8.620388,5.507093,10.886351,11.894222,0.857381
Olanda,PIB,2013,4.731674,14.717554,20.449146,10.901443,1.22611
Austria,PIB,2013,6.947316,14.462496,24.166986,11.625914,0.795243
Polonia,PIB,2013,7.533835,12.428172,13.250694,11.610575,1.58497
Portugalia,PIB,2013,7.614397,8.874536,14.669123,11.67372,1.872533
Romania,PIB,2013,4.188004,8.678861,11.063242,12.270655,0.890322
Slovenia,PIB,2013,4.239592,15.491451,18.805419,14.450183000000001,0.686289
Slovacia,PIB,2013,4.365589,13.242219,15.981688,10.462587,0.43934
Finlanda,PIB,2013,6.751995,12.544966,22.314523,14.339691,1.337601
Suedia,PIB,2013,5.424546,2.790128,25.013174,12.062115,1.172897
Belgia,PIB,2014,10.578692,14.249635,24.151421,10.780085,3.602799
Bulgaria,PIB,2014,4.350355,7.813648,9.801309,14.246822,0.888293
Cehia,PIB,2014,5.146667,14.438355,17.559703,11.429627,0.558774
Danemarca,PIB,2014,9.30524,0.073262,25.499681,14.099519,2.61379
Estonia,PIB,2014,2.563192,10.891751,16.292715,13.279895,0.36083
Irlanda,PIB,2014,6.302734,4.828454,12.656279,9.849844,1.941441
Grecia,PIB,2014,8.257094,10.480376,14.600565,13.467354,3.244826
Spania,PIB,2014,7.737883,11.632004,16.845599,9.330646,2.702865
Franta,PIB,2014,10.403186,16.858866,24.142734,11.16168,4.480908
Croatia,PIB,2014,3.715638,11.700399,14.761406,17.770413,1.100376
Italia,PIB,2014,10.481722,12.882099,21.322458,11.102518,2.790024
Cipru,PIB,2014,9.156062,8.262978,11.37097,13.080857,1.334454
Letonia,PIB,2014,3.585307,8.390404,13.777729,12.298966,1.197763
Lituania,PIB,2014,3.075138,11.061663,13.646548,10.75878,0.460807
Luxemburg,PIB,2014,8.848449,10.185494,16.708065,10.602163,1.246077
Ungaria,PIB,2014,6.473028,13.15048,17.714938,14.242436,1.279753
Malta,PIB,2014,8.763396,5.35247,10.649313,12.095119,0.853994
Olanda,PIB,2014,5.999348,14.643963,20.01054,11.026267,1.569927
Austria,PIB,2014,6.853262,14.500635,24.380555,11.559922,0.75785
Polonia,PIB,2014,7.395658,12.232719,13.262695,11.613172,1.593659
Portugalia,PIB,2014,7.177214,8.995647,14.843606,12.150231,1.971475
Romania,PIB,2014,4.800247,8.518732,10.758188,11.961732,0.889985
Slovenia,PIB,2014,4.520192,15.26905,18.474715,14.433224,0.688336
Slovacia,PIB,2014,4.768939,13.411914,16.209243,10.750955,0.433089
Finlanda,PIB,2014,6.69569,12.571956,22.588446,14.228819,1.38088
Suedia,PIB,2014,5.608173,2.747554,24.606866,11.963092,1.146659
Belgia,PIB,2015,10.53214,14.166451,23.677417,10.606684,3.578462
Bulgaria,PIB,2015,4.530012,7.774113,9.75048,14.573623,0.945647
Cehia,PIB,2015,5.333448,14.301638,17.199196,11.755839,0.584471
Danemarca,PIB,2015,8.612371,0.067651,23.675168,14.087551,2.712359
Estonia,PIB,2015,2.960509,11.149995,16.585184,13.775216,0.376465
Irlanda,PIB,2015,5.767733,3.802097,9.769355,7.687542,1.318284
Grecia,PIB,2015,8.420039,10.663445,14.69288,13.463825,3.496081
Spania,PIB,2015,8.040727,11.39374,16.254231,9.583505,2.839275
Franta,PIB,2015,10.440452,16.667834,23.954755,11.281074,4.614152
Croatia,PIB,2015,4.057426,11.459215,14.089642,18.289338,1.168829
Italia,PIB,2015,10.639748,12.948522,21.14129,11.066992,2.672418
Cipru,PIB,2015,8.777087,8.263952,11.505233,12.793549,1.494633
Letonia,PIB,2015,3.535737,8.260995,13.641253,12.592139,1.162021
Lituania,PIB,2015,3.366112,11.5684,14.312621,11.267286,0.503208
Luxemburg,PIB,2015,9.580295,10.243931,16.907734,8.414302,1.480086
Ungaria,PIB,2015,6.672763,13.155571,17.696657,14.376456,1.284368
Malta,PIB,2015,8.499688,5.044665,9.919555,11.198989,0.953095
Olanda,PIB,2015,5.904578,13.930128,19.958746,11.081611,1.476215
Austria,PIB,2015,7.23957,14.48474,24.43972,11.532351,0.855782
Polonia,PIB,2015,7.79957,12.426222,13.255038,11.419311,1.683875
Portugalia,PIB,2015,7.229488,9.000507,14.784473,12.356681,2.082323
Romania,PIB,2015,5.127371,8.084333,10.297486,12.622993,0.86093
Slovenia,PIB,2015,4.571096,15.399227,18.583455,14.399734,0.623651
Slovacia,PIB,2015,4.978975,13.613059,16.512551,10.898758,0.418271
Finlanda,PIB,2015,7.02908,12.602124,22.436586,14.058235,1.4282
Suedia,PIB,2015,6.204113,2.717353,24.454197,11.970699,1.133467
Belgia,PIB,2016,10.54898,13.570192,22.624533,10.859311,3.566502
Bulgaria,PIB,2016,4.622567,7.72557,9.851081,14.698214,0.852332
Cehia,PIB,2016,5.447515,14.626589,17.793816,11.834586,0.586194
Danemarca,PIB,2016,8.525824,0.056798,23.010437,14.183142,2.528584
Estonia,PIB,2016,2.543013,11.237867,16.757563,14.217005,0.329825
Irlanda,PIB,2016,5.644127,3.884047,10.053175,7.91219,1.187493
Grecia,PIB,2016,8.8503,11.06799,15.350505,14.652063,3.533642
Spania,PIB,2016,7.917008,11.404049,16.223532,9.50961,2.753809
Franta,PIB,2016,10.297038,16.629926,23.975038,11.399101,4.693999
Croatia,PIB,2016,4.725223,11.300057,13.624439,18.464297,1.116624
Italia,PIB,2016,10.316078,12.729489,20.596888,11.21332,2.440814
Cipru,PIB,2016,8.118314,8.114633,11.237627,12.85014,1.128128
Letonia,PIB,2016,3.726733,8.146607,13.844432,13.119513,1.161659
Lituania,PIB,2016,3.464035,12.084114,14.846699,11.349425,0.425277
Luxemburg,PIB,2016,10.19509,10.201732,16.922697,8.428729,1.97038
Ungaria,PIB,2016,7.040268,13.692576,18.153332,13.944042,1.132645
Malta,PIB,2016,8.911906,5.144624,10.505954,11.193643,1.097395
Olanda,PIB,2016,6.768751,14.668442,20.230685,11.40587,1.645403
Austria,PIB,2016,7.02548,14.492797,23.293417,11.496492,0.84524
Polonia,PIB,2016,8.030952,12.747798,13.680785,11.844291,1.840973
Portugalia,PIB,2016,6.983373,9.06634,14.533018,12.524733,2.08517
Romania,PIB,2016,5.167942,8.144158,10.189534,10.943466,0.832956
Slovenia,PIB,2016,4.65097,15.386023,18.757549,14.209514,0.62844
Slovacia,PIB,2016,4.829528,14.121666,17.252823,10.825977,0.428119
Finlanda,PIB,2016,6.95001,12.702397,22.465946,14.311459,1.44126
Suedia,PIB,2016,6.276401,2.730799,25.55495,12.260571,1.224589
Belgia,PIB,2017,11.093135,13.500323,22.609071,10.863653,3.547825
Bulgaria,PIB,2017,4.743743,8.230902,10.402526,14.677899,0.837459
Cehia,PIB,2017,5.363582,14.829429,18.171314,11.867668,0.558979
Danemarca,PIB,2017,8.735291,0.048337,22.963764,13.99444,2.470533
Estonia,PIB,2017,2.336546,11.394838,16.769422,13.705273,0.295591
Irlanda,PIB,2017,5.471728,3.728399,9.634179,7.480327,1.147734
Grecia,PIB,2017,8.315119,11.745393,16.30114,14.749293,3.484388
Spania,PIB,2017,7.956953,11.5378,16.444162,9.531248,2.705395
Franta,PIB,2017,10.707555,16.688359,24.059277,11.589625,4.83014
Croatia,PIB,2017,4.731077,11.272179,13.282303,18.705707,1.078747
Italia,PIB,2017,9.96168,12.704418,20.694614,11.169227,2.415477
Cipru,PIB,2017,8.6716,8.418503,11.4757,12.682893,1.09539
Letonia,PIB,2017,3.679353,8.372615,14.299086,13.086858,1.129141
Lituania,PIB,2017,3.320426,12.183658,14.747776,11.376195,0.370356
Luxemburg,PIB,2017,11.001417,10.52884,17.138919,8.621712,2.136633
Ungaria,PIB,2017,6.656528,12.726816,17.453736,13.808161,1.108226
Malta,PIB,2017,8.766718,4.986345,10.438263,11.022789,1.068344
Olanda,PIB,2017,7.270485,13.806618,20.07966,11.341523,1.673111
Austria,PIB,2017,7.152673,14.597607,23.213519,11.566579,0.758159
Polonia,PIB,2017,8.13433,12.856574,13.844152,12.26078,1.783393
Portugalia,PIB,2017,6.997834,9.159712,14.403966,12.699273,2.152729
Romania,PIB,2017,4.324147,8.505947,10.778074,9.987028,0.724103
Slovenia,PIB,2017,4.788272,15.405719,18.658366,13.83892,0.642694
Slovacia,PIB,2017,4.736058,14.539287,17.791014,11.26984,0.426024
Finlanda,PIB,2017,7.499837,11.931012,21.316651,14.04015,1.566498
Suedia,PIB,2017,6.240051,2.730542,25.681702,12.16531,1.148042
Belgia,PIB,2018,11.289213,13.353764,22.402653,10.953203,3.532479
Bulgaria,PIB,2018,4.693878,8.651876,10.873304,14.103198,0.817166
Cehia,PIB,2018,5.42106,15.375041,18.9788,11.572865,0.550181
Danemarca,PIB,2018,7.370176,0.047134,22.908559,14.08265,2.499219
Estonia,PIB,2018,2.762655,11.485335,16.667783,13.470473,0.277146
Irlanda,PIB,2018,5.928283,3.705064,9.493937,6.940204,1.224852
Grecia,PIB,2018,8.446612,11.943793,16.584339,14.990724,3.343772
Spania,PIB,2018,8.360743,11.735843,16.78863,9.570805,2.717843
Franta,PIB,2018,10.436879,15.974614,24.121788,11.697721,4.575032
Croatia,PIB,2018,4.780171,11.262209,13.495224,18.992017,1.158752
Italia,PIB,2018,9.56816,12.963991,20.918444,11.159139,2.418495
Cipru,PIB,2018,8.366098,8.520837,11.672564,13.034076,0.905186
Letonia,PIB,2018,3.046805,9.118599,14.436278,13.521277,1.036369
Lituania,PIB,2018,3.370867,12.641052,15.364883,11.312158,0.340064
Luxemburg,PIB,2018,12.769227,10.771575,17.931547,8.769431,2.524458
Ungaria,PIB,2018,5.930729,12.048839,16.881015,14.081059,1.018917
Malta,PIB,2018,8.097657,5.090727,10.919654,11.283419,1.269487
Olanda,PIB,2018,7.621306,13.960054,19.74104,11.437143,1.694731
Austria,PIB,2018,7.475577,14.70932,23.482019,11.362642,0.77746
Polonia,PIB,2018,8.469997,13.057588,14.070875,12.520539,1.718265
Portugalia,PIB,2018,7.228859,9.320167,14.614478,12.802033,2.207544
Romania,PIB,2018,3.655331,10.478915,12.097731,10.026665,0.62039
Slovenia,PIB,2018,4.934595,15.434113,18.909163,13.601555,0.601766
Slovacia,PIB,2018,4.561849,14.640494,18.085655,11.219097,0.410761
Finlanda,PIB,2018,7.190475,11.842184,20.995268,14.201455,1.45634
Suedia,PIB,2018,6.009396,2.756287,25.555899,12.21474,1.152951
Belgia,PIB,2019,10.486510000000001,13.272488,22.009097,10.786052,3.499817
Bulgaria,PIB,2019,5.015773,8.815517,11.05095,14.27333,0.791379
Cehia,PIB,2019,5.227968,15.413173,19.170777,11.5083,0.510956
Danemarca,PIB,2019,10.135125,0.042937,23.273083,13.646671,2.67621
Estonia,PIB,2019,2.634929,11.728562,16.947598,13.908848,0.287812
Irlanda,PIB,2019,5.652794,3.675254,9.479849,6.775332,1.142445
Grecia,PIB,2019,8.218048,12.140635,16.379555,14.881822,3.34222
Spania,PIB,2019,7.826583,12.246119,17.538628,9.387698,2.628877
Franta,PIB,2019,10.565898,14.774648,23.092872,11.615974,4.493659
Croatia,PIB,2019,4.805616,11.103364,13.428289,19.105411,1.123568
Italia,PIB,2019,9.519882,13.207369,21.452509,11.184603,2.359003
Cipru,PIB,2019,8.188883,10.260957,13.35218,12.615097,0.848284
Letonia,PIB,2019,2.41292,9.490003,14.962608,13.231523,1.00001
Lituania,PIB,2019,3.530696,9.640919,15.385701,11.329094,0.333313
Luxemburg,PIB,2019,12.377969,10.982852,18.371164,8.878818,2.429672
Ungaria,PIB,2019,5.805265,11.66659,16.607095,13.902187,0.980427
Malta,PIB,2019,8.035541,4.928092,10.855197,10.663718,1.123369
Olanda,PIB,2019,7.9437430000000004,13.442879,19.526232,11.793913,1.625966
Austria,PIB,2019,7.641045,14.875941,23.654597,11.371983,0.771059
Polonia,PIB,2019,8.637041,13.210362,14.223863,12.317018,1.689366
Portugalia,PIB,2019,6.950165,9.608648,14.787024,12.752658,2.207493
Romania,PIB,2019,3.84382,10.480438,11.980718,10.114583,0.623006
Slovenia,PIB,2019,5.07678,15.631806,18.903755,13.423523,0.614999
Slovacia,PIB,2019,4.337728,14.926274,18.546216,11.474376,0.399808
Finlanda,PIB,2019,7.207428,11.796563,21.040118,14.043726,1.561757
Suedia,PIB,2019,6.010462,2.739911,24.884999,11.940208,1.069566
Belgia,PIB,2020,9.903726,13.603637,22.936544,10.436637,3.49121
Bulgaria,PIB,2020,4.955423,9.125568,11.488309,14.039097,0.719961
Cehia,PIB,2020,4.423719,15.863968,20.242203,11.257561,0.305598
Danemarca,PIB,2020,9.198711,0.058475,24.188478,13.887928,2.652721
Estonia,PIB,2020,2.601042,12.127071,17.685759,12.969561,0.294921
Irlanda,PIB,2020,5.458844,3.295065,8.793203,5.654448,0.895966
Grecia,PIB,2020,7.336002,12.90885,17.443042,14.066608,3.354173
Spania,PIB,2020,7.889667,13.802909,19.914363,9.184795,2.698864
Franta,PIB,2020,10.670102,14.742245,23.398827,11.428544,4.589804
Croatia,PIB,2020,4.693175,11.384455,13.800828,18.135957,1.113527
Italia,PIB,2020,9.66753,13.533609,22.258651,10.614882,2.417047
Cipru,PIB,2020,8.191724,11.01398,14.326487,11.494001,0.753143
Letonia,PIB,2020,2.410422,9.695979,15.250679,13.137948,1.001178
Lituania,PIB,2020,3.524879,10.163031,15.789036,11.496587,0.332481
Luxemburg,PIB,2020,11.014892,11.099551,18.792644,8.349684,2.492221
Ungaria,PIB,2020,5.813242,11.081613,16.159517,14.018894,1.100574
Malta,PIB,2020,6.880249,5.592525,12.165461,10.291268,0.707351
Olanda,PIB,2020,7.46418,13.644809,20.518695,11.872246,1.851657
Austria,PIB,2020,6.876858,15.462947,24.234878,10.985246,0.877136
Polonia,PIB,2020,8.851791,13.493543,14.335979,12.372138,1.714141
Portugalia,PIB,2020,6.74559,10.442557,16.266139,12.142799,2.274848
Romania,PIB,2020,3.300058,11.016225,12.832232,9.943725,0.593805
Slovenia,PIB,2020,5.082057,16.811993,20.056952,12.319519,0.626395
Slovacia,PIB,2020,4.271395,15.250102,18.915028,11.411213,0.468677
Finlanda,PIB,2020,7.251911,11.479439,20.648091,13.94538,1.621976
Suedia,PIB,2020,5.829546,2.739824,24.648661,11.963312,1.041989
Belgia,PIB,2021,10.626234,13.117575,21.959814,10.852547,3.692031
Bulgaria,PIB,2021,5.576276,8.858843,11.069974,14.083601,0.764721
Cehia,PIB,2021,5.250028,16.519349,19.223161,11.410285,0.303924
Danemarca,PIB,2021,10.401775,0.061594,24.257884,13.398044,2.508752
Estonia,PIB,2021,3.146005,11.612694,17.313084,13.048284,0.279155
Irlanda,PIB,2021,6.16077,3.194612,8.896033,6.046196,1.067053
Grecia,PIB,2021,7.702974,12.889529,17.135941,14.518265,3.184265
Spania,PIB,2021,9.012098,13.579905,19.548641,9.817441,2.983075
Franta,PIB,2021,10.486991,14.735592,22.944124,11.703339,4.016002
Croatia,PIB,2021,4.277804,10.940174,12.798447,18.554111,0.962701
Italia,PIB,2021,9.920904,13.45063,22.008272,11.326111,2.502847
Cipru,PIB,2021,9.019605,11.342318,14.63968,12.37692,0.724013
Letonia,PIB,2021,2.584811,9.678329,15.109716,12.685255,0.952107
Lituania,PIB,2021,4.178475,10.201481,16.194004,11.859916,0.335648
Luxemburg,PIB,2021,11.494637,10.573069,18.263355,8.848279,2.609694
Ungaria,PIB,2021,5.493919,10.488707,14.56322,13.838419,0.944115
Malta,PIB,2021,7.383494,5.41024,12.389192,10.103563,0.845353
Olanda,PIB,2021,8.340787,13.129119,19.432592,11.92483,1.878074
Austria,PIB,2021,7.884266,15.30405,24.16903,11.207849,0.892991
Polonia,PIB,2021,9.144217,13.004257,14.175793,13.481097,1.64424
Portugalia,PIB,2021,6.495907,10.445343,16.241277,12.610771,2.376662
Romania,PIB,2021,4.035381,10.519667,12.098431,10.379426,0.629969
Slovenia,PIB,2021,5.426613,16.403776,19.938677,12.813313,0.614532
Slovacia,PIB,2021,4.855448,15.52064,19.285029,11.722184,0.472732
Finlanda,PIB,2021,8.175971,12.00436,21.109099,13.760756,1.642618
Suedia,PIB,2021,6.710881,2.681605,24.198924,11.853566,1.04809
Belgia,Total,2009,19.558032,33.224096,55.51665,24.533761,6.760931
Bulgaria,Total,2009,14.555253,26.953644,33.898031,51.546591,1.880871
Cehia,Total,2009,16.898779,43.454183,50.836854,32.264354,1.277819
Danemarca,Total,2009,11.648972,0.131359,55.41401,32.93704,5.660622
Estonia,Total,2009,7.775781,36.832409,51.937949,40.286067,0.988582
Irlanda,Total,2009,21.073541,18.468786,44.107387,34.819098,5.134374
Grecia,Total,2009,23.217652,33.061359,42.847567,33.934781,7.493908
Spania,Total,2009,23.649765,40.417035,55.104791,21.245444,6.830667
Franta,Total,2009,22.156052,38.477874,52.793307,25.050641,7.38969
Croatia,Total,2009,12.25149,33.232823,42.699234,45.049267,3.08157
Italia,Total,2009,24.184361,31.693232,51.592856,24.222782,5.05846
Cipru,Total,2009,26.200775,24.662287,34.922688,38.876537,3.4984
Letonia,Total,2009,9.983552,33.480644,52.349588,37.66636,2.972681
Lituania,Total,2009,13.239848,41.256091,50.375497,36.438114,2.210157
Luxemburg,Total,2009,26.875059,29.858534,45.004394,28.120813,2.999931
Ungaria,Total,2009,19.735561,32.893307,47.96384,32.300577,2.023934
Malta,Total,2009,27.649981,17.662416,32.937173,39.414699,3.177936
Olanda,Total,2009,13.111592,35.929614,55.416914,31.471494,3.764371
Austria,Total,2009,15.479268,34.292331,56.168489,28.352226,1.542911
Polonia,Total,2009,25.01279,35.325088,37.979708,37.007544,4.432829
Portugalia,Total,2009,21.613236,28.729632,42.708892,35.664139,6.12991
Romania,Total,2009,17.42407,35.526112,44.120578,38.455455,2.975746
Slovenia,Total,2009,12.252997,41.58121,52.066814,35.680184,1.54487
Slovacia,Total,2009,12.934734,43.04191,52.163146,34.902293,1.4454
Finlanda,Total,2009,14.028138,29.762628,54.34966,31.622202,2.568047
Suedia,Total,2009,12.566522,6.29752,58.337461,29.095988,2.320315
Belgia,Total,2010,20.176071,32.134029,54.481515,24.909578,7.083352
Bulgaria,Total,2010,14.229963,26.129563,33.180898,52.588836,1.924216
Cehia,Total,2010,15.489726,43.947915,51.892966,32.617367,1.567481
Danemarca,Total,2010,17.046044,0.222448,50.498345,32.455622,5.661898
Estonia,Total,2010,6.843765,38.406049,53.379388,39.777664,1.143966
Irlanda,Total,2010,20.625333,18.158846,43.921189,35.453473,4.957327
Grecia,Total,2010,20.310601,34.175712,42.550172,37.139227,6.04303
Spania,Total,2010,21.004596,37.834679,53.056934,25.93847,6.594864
Franta,Total,2010,22.276367,37.962899,52.527734,25.195899,9.382532
Croatia,Total,2010,10.443557,33.103668,42.381975,47.174413,2.89065
Italia,Total,2010,22.313304,31.465625,52.039087,25.647608,4.343724
Cipru,Total,2010,25.819282,25.191087,35.624057,38.556661,3.920741
Letonia,Total,2010,9.7349,30.404325,50.742417,39.521805,3.559255
Lituania,Total,2010,10.377333,41.127954,49.892141,39.767963,2.457741
Luxemburg,Total,2010,27.937433,28.939626,44.302257,27.760011,2.86538
Ungaria,Total,2010,19.217486,31.833554,46.983147,33.799404,3.018707
Malta,Total,2010,29.352863,17.599051,32.008617,38.639267,3.11639
Olanda,Total,2010,14.151687,36.421689,54.76247,31.085842,3.675551
Austria,Total,2010,15.466737,34.060797,56.295441,28.237826,1.607597
Polonia,Total,2010,22.753034,34.423578,37.803761,39.44324,4.47983
Portugalia,Total,2010,20.979195,28.316294,41.396653,37.598362,5.726344
Romania,Total,2010,15.486065,32.807843,41.660303,42.853701,3.16937
Slovenia,Total,2010,12.412994,41.554516,51.58398,36.003278,1.600283
Slovacia,Total,2010,12.962164,42.839796,51.668691,35.369349,1.449747
Finlanda,Total,2010,16.074541,29.676997,52.132233,31.793225,2.734718
Suedia,Total,2010,14.144491,6.155876,56.36962,29.485899,2.429552
Belgia,Total,2011,20.81792,31.932603,54.460202,24.32809,7.455786
Bulgaria,Total,2011,14.097614,26.208117,33.013546,52.888605,2.053478
Cehia,Total,2011,15.076379,42.829273,51.001626,33.92202,1.452968
Danemarca,Total,2011,16.870055,0.24521,50.604152,32.525784,5.736561
Estonia,Total,2011,6.785593,36.837195,51.959528,41.25526,1.213373
Irlanda,Total,2011,20.7126,18.422567,45.355656,33.931715,5.712275
Grecia,Total,2011,22.26894,31.785094,40.316309,37.414751,8.159485
Spania,Total,2011,20.753644,37.890691,53.748812,25.497544,6.271822
Franta,Total,2011,23.134823,37.250829,51.782797,25.08238,9.891668
Croatia,Total,2011,11.642144,33.560374,41.476562,46.881595,3.055792
Italia,Total,2011,22.547449,31.202379,51.335005,26.117546,4.959957
Cipru,Total,2011,27.283685,24.914486,35.815512,36.900803,3.30284
Letonia,Total,2011,11.52326,30.623964,48.711049,39.765972,3.897863
Lituania,Total,2011,9.7135840000000009,40.640134,49.626891,40.681987,2.274365
Luxemburg,Total,2011,26.481883,29.041038,45.158403,28.359944,3.13759
Ungaria,Total,2011,19.000732,35.276463,46.894343,34.104919,3.026259
Malta,Total,2011,25.686525,18.204557,34.051499,40.263174,3.092939
Olanda,Total,2011,12.861318,38.308591,56.312055,30.826628,3.233932
Austria,Total,2011,15.837502,33.902086,56.118047,28.04448,1.952269
Polonia,Total,2011,22.927316,34.967938,37.960289,39.112425,4.390563
Portugalia,Total,2011,21.736109,27.605778,41.16394,37.07408,5.714991
Romania,Total,2011,16.359403,32.080705,39.374567,44.266045,2.886497
Slovenia,Total,2011,11.903949,41.545227,51.789439,36.306406,1.5748
Slovacia,Total,2011,12.332691,41.465231,50.536592,37.130684,1.383385
Finlanda,Total,2011,15.847852,28.731979,51.207532,32.944617,2.583655
Suedia,Total,2011,13.460644,6.501867,57.32252,29.216832,2.411573
Belgia,Total,2012,22.180688,31.657724,53.49467,23.944038,7.751284
Bulgaria,Total,2012,14.615988,25.965317,32.715324,52.668536,3.03356
Cehia,Total,2012,14.723071,42.468523,50.684854,34.592061,1.526402
Danemarca,Total,2012,17.848837,0.210328,50.030943,32.120329,5.395831
Estonia,Total,2012,7.3396420000000004,35.217889,50.787834,41.872876,1.307333
Irlanda,Total,2012,21.222621,16.891648,45.20654,33.570828,6.136035
Grecia,Total,2012,20.707482,30.572393,43.713333,35.579184,9.023325
Spania,Total,2012,22.714035,36.057632,51.919258,25.366708,7.357192
Franta,Total,2012,23.443884,36.817864,51.865015,24.691133,9.734338
Croatia,Total,2012,10.655055,32.273394,40.55424,48.790861,2.966139
Italia,Total,2012,24.295688,30.112672,50.044681,25.659632,5.902024
Cipru,Total,2012,25.982487,24.492841,36.230691,37.786823,3.074578
Letonia,Total,2012,12.31086,29.849027,47.956903,39.732801,4.015175
Lituania,Total,2012,11.585067,39.981765,48.999103,39.431459,2.21194
Luxemburg,Total,2012,25.904953,29.013018,45.380273,28.714712,3.263751
Ungaria,Total,2012,18.122801,34.869865,47.129703,34.747396,3.069311
Malta,Total,2012,26.750535,17.840537,34.269443,38.979355,2.996448
Olanda,Total,2012,12.504122,40.763366,57.291433,30.204445,3.069909
Austria,Total,2012,15.67104,33.665965,56.482308,27.846664,2.078021
Polonia,Total,2012,24.376546,37.289865,39.319147,36.304276,4.555533
Portugalia,Total,2012,22.007296,27.424276,40.023192,37.94162,5.621288
Romania,Total,2012,14.736671,31.458656,39.890864,45.372496,3.112272
Slovenia,Total,2012,11.531763,41.752555,51.594457,36.873572,1.702161
Slovacia,Total,2012,13.140582,42.695829,52.211337,34.647981,1.500948
Finlanda,Total,2012,14.474778,29.625069,52.41354,33.111682,2.768884
Suedia,Total,2012,12.256017,6.597677,58.903706,28.840294,2.591617
Belgia,Total,2013,22.956611,31.330078,53.018145,23.657327,7.891931
Bulgaria,Total,2013,15.062848,26.430739,33.06118,51.875899,3.069587
Cehia,Total,2013,14.786335,41.872513,50.287596,34.926053,1.628577
Danemarca,Total,2013,16.124083,0.181273,52.790238,31.085696,5.630326
Estonia,Total,2013,8.245278,34.692651,51.110967,40.643087,1.238081
Irlanda,Total,2013,21.412627,17.179061,44.551781,34.035595,6.189346
Grecia,Total,2013,22.184181,29.978315,40.944691,36.871128,9.987608
Spania,Total,2013,22.511606,34.54539,50.20027,27.288124,7.700038
Franta,Total,2013,23.120935,36.656549,52.535534,24.343531,9.533869
Croatia,Total,2013,11.165951,31.108173,39.719367,49.114814,3.08451
Italia,Total,2013,24.879621,30.203888,50.024822,25.095557,6.035697
Cipru,Total,2013,28.805883,23.793971,33.939078,37.255039,4.167394
Letonia,Total,2013,12.206513,28.933176,47.017586,40.775463,3.804258
Lituania,Total,2013,11.223213,40.029064,49.50662,39.288063,1.633402
Luxemburg,Total,2013,24.793439,28.732954,46.667047,28.53944,3.24386
Ungaria,Total,2013,16.531136,34.547629,46.651195,36.817784,3.284407
Malta,Total,2013,27.452477,17.537882,34.668661,37.878325,2.730413
Olanda,Total,2013,13.113574,40.788888,56.673678,30.212748,3.398095
Austria,Total,2013,16.254755,33.838149,56.543909,27.201349,1.860643
Polonia,Total,2013,23.256084,38.364339,40.90337,35.840512,4.892619
Portugalia,Total,2013,22.417979,26.128026,43.188201,34.369262,5.51303
Romania,Total,2013,15.217007,31.53442,40.198009,44.585112,3.234963
Slovenia,Total,2013,11.307036,41.315863,50.154249,38.538791,1.830341
Slovacia,Total,2013,14.169471,42.980511,51.872052,33.958608,1.425975
Finlanda,Total,2013,15.555367,28.901317,51.408596,33.036036,3.081589
Suedia,Total,2013,12.763688,6.565033,58.854762,28.381559,2.759769
Belgia,Total,2014,23.156434,31.192017,52.866724,23.597279,7.886418
Bulgaria,Total,2014,15.319009,27.514384,34.513583,50.167676,3.127966
Cehia,Total,2014,15.076941,42.296548,51.440404,33.482607,1.636903
Danemarca,Total,2014,19.027405,0.149807,52.141881,28.830771,5.344692
Estonia,Total,2014,7.976063,33.892623,50.699182,41.323979,1.122821
Irlanda,Total,2014,21.877772,16.760317,43.931915,34.190344,6.739044
Grecia,Total,2014,22.731153,28.851680000000002,40.194244,37.074603,8.93276
Spania,Total,2014,22.816105,34.298401,49.671331,27.512564,7.969732
Franta,Total,2014,22.760298,36.884163,52.819955,24.419747,9.803421
Croatia,Total,2014,10.250774,32.279287,40.724053,49.02536,3.035738
Italia,Total,2014,24.429104,30.023515,49.69494,25.875956,6.502536
Cipru,Total,2014,27.243788,24.586425,33.83423,38.921982,3.970658
Letonia,Total,2014,12.087179,28.286648,46.448987,41.46362,4.038029
Lituania,Total,2014,11.191839,40.258474,49.666061,39.156146,1.67709
Luxemburg,Total,2014,24.471228,28.168954,46.207744,29.321291,3.446144
Ungaria,Total,2014,16.84351,34.218955,46.096162,37.06034,3.330053
Malta,Total,2014,27.813205,16.987633,33.798717,38.387408,2.7104
Olanda,Total,2014,16.198625,39.539643,54.029745,29.771631,4.238903
Austria,Total,2014,16.014633,33.884939,56.972236,27.013111,1.770937
Polonia,Total,2014,22.91698,37.905616,41.097209,35.985819,4.938283
Portugalia,Total,2014,20.998624,26.318877,43.428454,35.548353,5.768012
Romania,Total,2014,17.44266,30.954519,39.09203,43.465348,3.233939
Slovenia,Total,2014,12.077005,40.795695,49.360558,38.562544,1.839089
Slovacia,Total,2014,15.030171,42.270067,51.086354,33.883574,1.364958
Finlanda,Total,2014,15.387809,28.892443,51.912001,32.70019,3.173492
Suedia,Total,2014,13.296403,6.514169,58.340354,28.363264,2.718611
Belgia,Total,2015,23.40914,31.486901,52.626341,23.574825,7.953627
Bulgaria,Total,2015,15.699748,26.942892,33.792424,50.508084,3.277346
Cehia,Total,2015,15.554644,41.709767,50.160301,34.285115,1.704571
Danemarca,Total,2015,18.571123,0.145879,51.051499,30.377423,5.848744
Estonia,Total,2015,8.884799,33.462311,49.773887,41.340878,1.129811
Irlanda,Total,2015,24.834543,16.370966,42.064616,33.100803,5.676232
Grecia,Total,2015,23.020198,29.15362,40.170005,36.809797,9.558208
Spania,Total,2015,23.734036,33.631219,47.978066,28.287898,8.380768
Franta,Total,2015,22.857492,36.491224,52.444626,24.697882,10.101856
Croatia,Total,2015,11.135606,31.449813,38.66902,50.195085,3.20785
Italia,Total,2015,24.831358,30.219643,49.340169,25.828473,6.236968
Cipru,Total,2015,26.536225,24.984836,34.784371,38.679404,4.518803
Letonia,Total,2015,11.877192,27.750208,45.823487,42.299321,3.903443
Lituania,Total,2015,11.630751,39.971689,49.45365,38.931265,1.738708
Luxemburg,Total,2015,27.448905,29.350317,48.443057,24.10817,4.240657
Ungaria,Total,2015,17.221852,33.953444,45.673612,37.104447,3.314848
Malta,Total,2015,28.697929,17.032559,33.491899,37.811717,3.217983
Olanda,Total,2015,15.982103,37.705111,54.022957,29.99494,3.995716
Austria,Total,2015,16.753747,33.520452,56.558174,26.688059,1.980444
Polonia,Total,2015,24.017958,38.265247,40.817498,35.164572,5.185316
Portugalia,Total,2015,21.027805,26.17902,43.002355,35.940838,6.056679
Romania,Total,2015,18.280792,28.82335,36.71398,45.005188,3.069503
Slovenia,Total,2015,12.171982,41.005291,49.484302,38.343827,1.660668
Slovacia,Total,2015,15.371839,42.028282,50.980028,33.648283,1.29135
Finlanda,Total,2015,16.149932,28.954491,51.550034,32.300034,3.281415
Suedia,Total,2015,14.553734,6.374422,57.365147,28.081107,2.658909
Belgia,Total,2016,23.85914,30.692363,51.171006,24.561032,8.066531
Bulgaria,Total,2016,15.846002,26.482991,33.769169,50.384976,2.921766
Cehia,Total,2016,15.530638,41.699792,50.729423,33.739909,1.671216
Danemarca,Total,2016,18.648162,0.124231,50.329722,31.022167,5.530661
Estonia,Total,2016,7.587071,33.528137,49.996132,42.416385,0.984032
Irlanda,Total,2016,23.906175,16.451208,42.581072,33.51275,5.029726
Grecia,Total,2016,22.779013,28.486931,39.509323,37.711664,9.094932
Spania,Total,2016,23.527407,33.890039,48.212361,28.260232,8.183646
Franta,Total,2016,22.546033,36.4123,52.494898,24.959069,10.277816
Croatia,Total,2016,12.835448,30.69512,37.008999,50.155837,3.033162
Italia,Total,2016,24.488458,30.21745,48.893197,26.618345,5.79404
Cipru,Total,2016,25.207394,25.195963,34.892873,39.899732,3.502841
Letonia,Total,2016,12.142921,26.54432,45.109706,42.747682,3.785067
Lituania,Total,2016,11.68071,40.747581,50.063003,38.270212,1.434032
Luxemburg,Total,2016,28.681013,28.6997,47.607238,23.711855,5.543109
Ungaria,Total,2016,17.988498,34.985725,46.383347,35.628243,2.894006
Malta,Total,2016,29.112834,16.806124,34.320167,36.566664,3.584898
Olanda,Total,2016,17.624521,38.193788,52.676796,29.698683,4.284312
Austria,Total,2016,16.80118,34.658997,55.705361,27.493443,2.02136
Polonia,Total,2016,23.932962,37.989592,40.769976,35.297058,5.486265
Portugalia,Total,2016,20.508776,26.626037,42.680582,36.782648,6.123729
Romania,Total,2016,19.649257,30.965255,38.74207,41.608625,3.167019
Slovenia,Total,2016,12.363702,40.900755,49.863302,37.773236,1.670586
Slovacia,Total,2016,14.675713,42.912164,52.426957,32.897401,1.300946
Finlanda,Total,2016,15.893942,29.049046,51.377256,32.728802,3.29601
Suedia,Total,2016,14.234807,6.193421,57.958339,27.806837,2.777355
Belgia,Total,2017,24.790264,30.169701,50.525377,24.277432,7.928464
Bulgaria,Total,2017,15.905723,27.598136,34.879569,49.214853,2.807993
Cehia,Total,2017,15.15027,41.888022,51.327696,33.522071,1.578924
Danemarca,Total,2017,19.117126,0.105784,50.256041,30.626738,5.406744
Estonia,Total,2017,7.121174,34.728456,51.108772,41.770054,0.900884
Irlanda,Total,2017,24.225939,16.507394,42.655087,33.118961,5.081562
Grecia,Total,2017,21.122831,29.836729,41.409658,37.467511,8.851362
Spania,Total,2017,23.44945,34.002348,48.461588,28.088962,7.972905
Franta,Total,2017,23.098304,36.000075,51.900595,25.001102,10.419562
Croatia,Total,2017,12.884493,30.698361,36.172682,50.942641,2.937831
Italia,Total,2017,23.817229,30.374797,49.478436,26.704335,5.775127
Cipru,Total,2017,26.41349,25.642564,34.954713,38.631797,3.336532
Letonia,Total,2017,11.843911,26.951615,46.029044,42.126855,3.634728
Lituania,Total,2017,11.278026,41.382524,50.091702,38.639927,1.257936
Luxemburg,Total,2017,29.926078,28.640572,46.621322,23.452797,5.812073
Ungaria,Total,2017,17.55485,33.563649,46.029665,36.415413,2.922655
Malta,Total,2017,29.001941,16.49576,34.531726,36.465445,3.534283
Olanda,Total,2017,18.790829,35.683699,51.896598,29.312572,4.324215
Austria,Total,2017,17.057475,34.811927,55.358887,27.583623,1.808035
Polonia,Total,2017,23.757317,37.549216,40.433557,35.809124,5.208619
Portugalia,Total,2017,20.515182,26.853046,42.227347,37.229789,6.311042
Romania,Total,2017,17.235064,33.902763,42.958943,39.806013,2.886107
Slovenia,Total,2017,12.842166,41.318202,50.041815,37.116039,1.723709
Slovacia,Total,2017,14.013291,43.019591,52.640966,33.345781,1.260541
Finlanda,Total,2017,17.499826,27.839357,49.739438,32.760736,3.655204
Suedia,Total,2017,14.153931,6.193524,58.252253,27.593838,2.604033
Belgia,Total,2018,25.185396,29.791257,49.978656,24.435784,7.880699
Bulgaria,Total,2018,15.820091,29.159998,36.647026,47.532953,2.754148
Cehia,Total,2018,15.069926,42.740849,52.758888,32.171238,1.529441
Danemarca,Total,2018,16.613945,0.10625,51.640766,31.745288,5.63377
Estonia,Total,2018,8.396923,34.908989,50.660731,40.942697,0.842368
Irlanda,Total,2018,26.510009,16.568254,42.45485,31.035106,5.477278
Grecia,Total,2018,21.105092,29.843311,41.438394,37.456514,8.354902
Spania,Total,2018,24.080358,33.801216,48.354101,27.565541,7.827849
Franta,Total,2018,22.563108,34.534935,52.148015,25.288877,9.890594
Croatia,Total,2018,12.826689,30.220018,36.211893,50.961502,3.109292
Italia,Total,2018,22.975122,31.129212,50.229491,26.79539,5.807303
Cipru,Total,2018,25.296227,25.764107,35.293855,39.410602,2.736974
Letonia,Total,2018,9.827008,29.410658,46.562022,43.610827,3.342652
Lituania,Total,2018,11.219758,42.075088,51.141218,37.651932,1.131884
Luxemburg,Total,2018,32.351507,27.29035,45.430515,22.217813,6.395847
Ungaria,Total,2018,16.075556,32.659022,45.756892,38.167463,2.761829
Malta,Total,2018,26.724621,16.800877,36.038032,37.238561,4.189677
Olanda,Total,2018,19.642799,35.979994,50.87964,29.477561,4.367922
Austria,Total,2018,17.664308,34.75718,55.486505,26.849195,1.837087
Polonia,Total,2018,24.157603,37.242045,40.13208,35.710306,4.900728
Portugalia,Total,2018,20.859717,26.894431,42.171784,36.941763,6.370126
Romania,Total,2018,14.179085,40.647871,46.927281,38.893587,2.406501
Slovenia,Total,2018,13.178157,41.217801,50.498147,36.323836,1.607056
Slovacia,Total,2018,13.470057,43.229897,53.40264,33.127326,1.212879
Finlanda,Total,2018,16.963789,27.938115,49.532098,33.504113,3.435801
Suedia,Total,2018,13.726337,6.29576,58.373394,27.900244,2.633508
Belgia,Total,2019,24.126222,30.535896,50.636136,24.815376,8.051999
Bulgaria,Total,2019,16.531838,29.055678,36.423599,47.044465,2.60836
Cehia,Total,2019,14.559736,42.925229,53.390043,32.050271,1.422997
Danemarca,Total,2019,21.538971,0.091248,49.459507,29.001641,5.687429
Estonia,Total,2019,7.867469,35.019572,50.602764,41.529552,0.859358
Irlanda,Total,2019,25.802434,16.775863,43.271201,30.92631,5.214742
Grecia,Total,2019,20.816027,30.751803,41.488839,37.695134,8.465725
Spania,Total,2019,22.520656,35.237679,50.466646,27.012697,7.564479
Franta,Total,2019,23.337289,32.633312,51.006079,25.656632,9.92531
Croatia,Total,2019,12.870148,29.736442,35.962935,51.167102,3.009081
Italia,Total,2019,22.581976,31.329011,50.887189,26.530836,5.595758
Cipru,Total,2019,23.974836,30.041308,39.091573,36.933591,2.483546
Letonia,Total,2019,7.883557,31.005985,48.886226,43.230378,3.267258
Lituania,Total,2019,11.675851,31.882079,50.87981,37.464796,1.10225
Luxemburg,Total,2019,31.235424,27.714889,46.359068,22.405424,6.131204
Ungaria,Total,2019,15.986056,32.126487,45.731237,38.282686,2.699819
Malta,Total,2019,27.188941,16.674622,36.729489,36.081601,3.801016
Olanda,Total,2019,20.231677,34.237259,49.730765,30.037558,4.141124
Austria,Total,2019,17.908297,34.864702,55.439214,26.652486,1.807129
Polonia,Total,2019,24.552445,37.55299,40.434061,35.013488,4.802346
Portugalia,Total,2019,20.145933,27.851882,42.862062,36.965193,6.398698
Romania,Total,2019,14.818611,40.403955,46.1878,38.993518,2.401797
Slovenia,Total,2019,13.572843,41.791851,50.539451,35.887975,1.644208
Slovacia,Total,2019,12.624947,43.442886,53.97872,33.396145,1.163641
Finlanda,Total,2019,17.042353,27.893611,49.750498,33.207149,3.69286
Suedia,Total,2019,14.031444,6.396332,58.094118,27.874458,2.496905
Belgia,Total,2020,22.777052,31.28628,52.750537,24.002665,8.029247
Bulgaria,Total,2020,16.256424,29.936719,37.687764,46.055708,2.361856
Cehia,Total,2020,12.314284,44.160449,56.34812,31.337616,0.850692
Danemarca,Total,2020,19.457824,0.12369,51.165334,29.376817,5.611241
Estonia,Total,2020,7.821153,36.465256,53.179844,38.998566,0.886806
Irlanda,Total,2020,27.42241,16.552702,44.172507,28.405024,4.500869
Grecia,Total,2020,18.885001,33.231133,44.903461,36.211539,8.634616
Spania,Total,2020,21.329866,37.316429,53.838864,24.83127,7.29643
Franta,Total,2020,23.452075,32.402338,51.42885,25.119075,10.088042
Croatia,Total,2020,12.812408,31.079662,37.676382,49.511321,3.039937
Italia,Total,2020,22.725173,31.813047,52.322743,24.952084,5.68168
Cipru,Total,2020,24.084784,32.382602,42.121823,33.793928,2.214344
Letonia,Total,2020,7.826257,31.481303,49.516529,42.656828,3.250667
Lituania,Total,2020,11.446679,33.003393,51.273262,37.333977,1.079697
Luxemburg,Total,2020,28.867157,29.089026,49.250615,21.882344,6.53146
Ungaria,Total,2020,16.15165,30.789421,44.897991,38.950431,3.057861
Malta,Total,2020,23.452602,19.063155,41.468224,35.079689,2.411138
Olanda,Total,2020,18.728284,34.236025,51.483208,29.788507,4.645969
Austria,Total,2020,16.33575,36.731722,57.569155,26.09509,2.083609
Polonia,Total,2020,24.892608,37.945937,40.314998,34.792371,4.820431
Portugalia,Total,2020,19.182564,29.695701,46.256334,34.530711,6.46903
Romania,Total,2020,12.655534,42.246596,49.210878,38.13362,2.277207
Slovenia,Total,2020,13.567176,44.88168,53.544496,32.88847,1.672238
Slovacia,Total,2020,12.345904,44.078406,54.671389,32.982605,1.354649
Finlanda,Total,2020,17.330254,27.432989,49.343775,33.325971,3.876117
Suedia,Total,2020,13.735483,6.455529,58.076775,28.187762,2.455117
Belgia,Total,2021,24.359223,30.070289,50.339942,24.878014,8.463488
Bulgaria,Total,2021,18.146084,28.828078,36.023447,45.830267,2.488522
Cehia,Total,2021,14.630775,46.036115,53.571098,31.798178,0.846976
Danemarca,Total,2021,21.644335,0.128168,50.476554,27.879063,5.220288
Estonia,Total,2021,9.388957,34.656999,51.669279,38.941384,0.833112
Irlanda,Total,2021,29.193809,15.138186,42.155294,28.650877,5.056404
Grecia,Total,2021,19.571967,32.750133,43.539555,36.888479,8.090683
Spania,Total,2021,23.482349,35.384443,50.936863,25.580788,7.772841
Franta,Total,2021,23.235001,32.648212,50.835054,25.929946,8.897864
Croatia,Total,2021,12.00609,30.704708,35.920141,52.073994,2.701919
Italia,Total,2021,22.935702,31.095921,50.879959,26.184339,5.786223
Cipru,Total,2021,25.029288,31.474785,40.624921,34.345792,2.009127
Letonia,Total,2021,8.508361,31.857923,49.736288,41.755751,3.134028
Lituania,Total,2021,12.965212,31.653742,50.24769,36.799631,1.041469
Luxemburg,Total,2021,29.774019,27.386924,47.306712,22.919281,6.759768
Ungaria,Total,2021,16.208365,30.944176,42.964956,40.826619,2.785365
Malta,Total,2021,24.713417,18.108706,41.468076,33.817807,2.829495
Olanda,Total,2021,21.010487,33.072321,48.950802,30.038711,4.730879
Austria,Total,2021,18.224818,35.375966,55.867746,25.907422,2.064186
Polonia,Total,2021,24.847667,35.336588,38.520016,36.632311,4.467908
Portugalia,Total,2021,18.371344,29.540908,45.932631,35.665044,6.721537
Romania,Total,2021,15.220251,39.677035,45.631663,39.148092,2.376056
Slovenia,Total,2021,14.213772,42.96594,52.224802,33.561542,1.609625
Slovacia,Total,2021,13.538995,43.277955,53.774626,32.68629,1.318173
Finlanda,Total,2021,18.993643,27.887397,49.038666,31.96769,3.815976
Suedia,Total,2021,15.687229,6.26847,56.566951,27.708674,2.449995
